"author","deterministic_author"
"Abbo, Monk of St. Germain, approximately 850-approximately 923.","{'authorized_name': 'abbo, monk of st. germain, approximately 850-approximately 923', 'author_id': 'A5397'}"
"Abelard, Peter, 1079-1142.","{'authorized_name': 'abelard, peter', 'author_id': 'A5015'}"
"Acosta, Jose de, 1540-1600.","{'authorized_name': 'acosta, josé de, 1540-1600', 'author_id': 'A5598'}"
"Acosta, José de, 1540-1600,","{'authorized_name': 'acosta, josé de, 1540-1600', 'author_id': 'A5598'}"
"Acosta, José de, 1540-1600.","{'authorized_name': 'acosta, josé de, 1540-1600', 'author_id': 'A5598'}"
"Agricola, Georg, 1494-1555","{'authorized_name': 'agricola, georg, 1494-1555', 'author_id': 'A3675'}"
"Agricola, Georg, 1494-1555.","{'authorized_name': 'agricola, georg, 1494-1555', 'author_id': 'A3675'}"
"Agricola, Rodolphus, 1443?-1485.","{'authorized_name': 'agricola, rodolphus, 1443?-1485', 'author_id': 'A4109'}"
"Agrippa von Nettesheim, Heinrich Cornelius, 1486?-1535.","{'authorized_name': 'agrippa von nettesheim, heinrich cornelius, 1486?-1535', 'author_id': 'A4098'}"
"Agustín, Antonio, 1517-1586","{'authorized_name': 'agustín, antonio, 1517-1586', 'author_id': 'A6001'}"
"Agustín, Antonio, 1517-1586.","{'authorized_name': 'agustín, antonio, 1517-1586', 'author_id': 'A6001'}"
"Agustín, Antonio, 1517-1586","{'authorized_name': 'agustín, antonio, 1517-1586', 'author_id': 'A6001'}"
"Agustín, Antonio, 1517-1586.","{'authorized_name': 'agustín, antonio, 1517-1586', 'author_id': 'A6001'}"
"Ailly, Pierre d', 1350-1420?","{'authorized_name': ""ailly, pierre d', 1350-1420"", 'author_id': 'A4352'}"
"Alanus de Insulis","{'authorized_name': 'alanus, de insulis', 'author_id': 'A4458'}"
"Alberti, Leon Battista, 1404-1472","{'authorized_name': 'alberti, leon battista, 1404-1472', 'author_id': 'A4087'}"
"Alberti, Leon Battista, 1404-1472.","{'authorized_name': 'alberti, leon battista, 1404-1472', 'author_id': 'A4087'}"
"Alberto Magno, Santo, 1206-1280","{'authorized_name': 'albertus, magnus, saint, 1193?-1280', 'author_id': 'A5478'}"
"Alberto Magno, Santo, 1206-1280.","{'authorized_name': 'albertus, magnus, saint, 1193?-1280', 'author_id': 'A5478'}"
"Albertus, Magnus, Saint, 1193?-1280","{'authorized_name': 'albertus, magnus, saint, 1193?-1280', 'author_id': 'A5478'}"
"Albertus, Magnus, Saint, 1193?-1280.","{'authorized_name': 'albertus, magnus, saint, 1193?-1280', 'author_id': 'A5478'}"
"Albertus, de Saxonia, d. 1390.","{'authorized_name': 'albertus, de saxonia, -1390', 'author_id': 'A4280'}"
"Alciati, Andrea, 1492-1550","{'authorized_name': 'alciati, andrea, 1492-1550', 'author_id': 'A4132'}"
"Alciati, Andrea, 1492-1550.","{'authorized_name': 'alciati, andrea, 1492-1550', 'author_id': 'A4132'}"
"Aldhelm, Saint, 640?-709.","{'authorized_name': 'aldhelm, saint', 'author_id': 'A5010'}"
"Aldrovandi, Ulisse, 1522-1605.","{'authorized_name': 'aldrovandi, ulisse, 1522-1605?', 'author_id': 'A4116'}"
"Aldrovandi, Ulisse, 1522-1605?","{'authorized_name': 'aldrovandi, ulisse, 1522-1605?', 'author_id': 'A4116'}"
"Alexander of Hales, ca. 1185-1245.","{'authorized_name': 'alexander, of hales, approximately 1185-1245', 'author_id': 'A4151'}"
"Alexander, de Villa Dei.","{'authorized_name': 'alexander, de villa dei', 'author_id': 'A5434'}"
"Alfred, of Sareshel","{'authorized_name': 'alfred, of sareshel', 'author_id': 'A4413'}"
"Alvares, Manuel, 1526-1583.","{'authorized_name': 'alvares, manuel, 1526-1583', 'author_id': 'A6175'}"
"Ambrose, Saint, Bishop of Milan, d. 397.","{'authorized_name': 'ambrose, saint, bishop of milan', 'author_id': 'A5347'}"
"Amelli, Ambrogio, 1848-1933.","{'authorized_name': 'amelli, ambrogio, 1848-1933', 'author_id': 'A6129'}"
"Amiano Marcelino.","{'authorized_name': 'ammianus marcellinus', 'author_id': 'A5452'}"
"Ampelius, Lucius","{'authorized_name': 'ampelius, lucius', 'author_id': 'A5058'}"
"Ampelius, Lucius.","{'authorized_name': 'ampelius, lucius', 'author_id': 'A5058'}"
"Andreas, Capellanus.","{'authorized_name': 'andreas, capellanus', 'author_id': 'A5454'}"
"Andreä, Johann Valentin, 1586-1654.","{'authorized_name': 'andreä, johann valentin, 1586-1654', 'author_id': 'A4229'}"
"Angeli, Pietro, 1517-1596","{'authorized_name': 'angèli, pietro, 1517-1596', 'author_id': 'A2965'}"
"Anselm, Saint, Archbishop of Canterbury, 1033-1109","{'authorized_name': 'anselm, saint, archbishop of canterbury', 'author_id': 'A5460'}"
"Anselm, Saint, Archbishop of Canterbury, 1033-1109.","{'authorized_name': 'anselm, saint, archbishop of canterbury', 'author_id': 'A5460'}"
"Antonius, Marcus, 83 B.C.?-30 B.C.","{'authorized_name': 'antonius, marcus, 83 b.c.?-30 b.c.', 'author_id': 'A3571'}"
"Apponius","{'authorized_name': 'apponius', 'author_id': 'A4523'}"
"Apponius.","{'authorized_name': 'apponius', 'author_id': 'A4523'}"
"Arator, Subdiaconus, fl. 513-544.","{'authorized_name': 'arator, subdiaconus', 'author_id': 'A5471'}"
"Arnobius, of Sicca","{'authorized_name': 'arnobius, of sicca', 'author_id': 'A5479'}"
"Arnobius, of Sicca.","{'authorized_name': 'arnobius, of sicca', 'author_id': 'A5479'}"
"Astruc, Jean, 1684-1766.","{'authorized_name': 'astruc, jean, 1684-1766', 'author_id': 'A5648'}"
"Augurelli, Giovanni Aurelio, approximately 1456-1524?,","{'authorized_name': 'augurelli, giovanni aurelio, approximately 1456-1524?', 'author_id': 'A2964'}"
"Augustine, Saint, Bishop of Hippo","{'authorized_name': 'augustine, of hippo, saint, 354-430', 'author_id': 'A5497'}"
"Augustine, Saint, Bishop of Hippo.","{'authorized_name': 'augustine, of hippo, saint, 354-430', 'author_id': 'A5497'}"
"Augustine, of Hippo, Saint, 354-430","{'authorized_name': 'augustine, of hippo, saint, 354-430', 'author_id': 'A5497'}"
"Augustine, of Hippo, Saint, 354-430,","{'authorized_name': 'augustine, of hippo, saint, 354-430', 'author_id': 'A5497'}"
"Augustine, of Hippo, Saint, 354-430.","{'authorized_name': 'augustine, of hippo, saint, 354-430', 'author_id': 'A5497'}"
"Aurelianus, Caelius","{'authorized_name': 'aurelianus, caelius', 'author_id': 'A5373'}"
"Aurelianus, Caelius.","{'authorized_name': 'aurelianus, caelius', 'author_id': 'A5373'}"
"Avancini, Nicolaus von, 1611-1686.","{'authorized_name': 'avancini, nicolaus von, 1611-1686', 'author_id': 'A4114'}"
"Aventinus, Johannes, 1477-1534.","{'authorized_name': 'aventinus, johannes, 1477-1534', 'author_id': 'A4082'}"
"Avienus, Rufius Festus","{'authorized_name': 'avienus, rufius festus', 'author_id': 'A5550'}"
"Avienus, Rufius Festus.","{'authorized_name': 'avienus, rufius festus', 'author_id': 'A5550'}"
"Bacon, Francis, 1561-1626","{'authorized_name': 'bacon, francis', 'author_id': 'A4711'}"
"Bacon, Francis, 1561-1626.","{'authorized_name': 'bacon, francis', 'author_id': 'A4711'}"
"Bacon, Roger, 1214?-1294","{'authorized_name': 'bacon, roger, 1214?-1294', 'author_id': 'A4387'}"
"Bacon, Roger, 1214?-1294.","{'authorized_name': 'bacon, roger, 1214?-1294', 'author_id': 'A4387'}"
"Baconthorpe, John, -1346.","{'authorized_name': 'baconthorpe, john, -1346', 'author_id': 'A3756'}"
"Baerle, Caspar van, 1584-1648.","{'authorized_name': 'baerle, caspar van, 1584-1648', 'author_id': 'A4128'}"
"Balde, Jakob, 1604-1668","{'authorized_name': 'balde, jakob', 'author_id': 'A4703'}"
"Balde, Jakob, 1604-1668.","{'authorized_name': 'balde, jakob', 'author_id': 'A4703'}"
"Baptista, Mantuanus, 1448-1516.","{'authorized_name': 'baptista, mantuanus, 1448-1516', 'author_id': 'A3892'}"
"Barclay, John, 1582-1621.","{'authorized_name': 'barclay, john, 1582-1621', 'author_id': 'A5595'}"
"Barth, Caspar von, 1587-1658.","{'authorized_name': 'barth, kaspar von, 1587-1658', 'author_id': 'A4102'}"
"Barth, Kaspar von, 1587-1658.","{'authorized_name': 'barth, kaspar von, 1587-1658', 'author_id': 'A4102'}"
"Bartholin, Thomas, 1616-1680","{'authorized_name': 'bartholin, thomas, 1616-1680', 'author_id': 'A4111'}"
"Bartholin, Thomas, 1616-1680.","{'authorized_name': 'bartholin, thomas, 1616-1680', 'author_id': 'A4111'}"
"Bartolo, of Sassoferrato, 1313-1357.","{'authorized_name': 'bartolo, of sassoferrato, 1313-1357', 'author_id': 'A4321'}"
"Basinio, da Parma, 1425-1457.","{'authorized_name': 'basinio, da parma, 1425-1457', 'author_id': 'A4146'}"
"Baudouin, François, 1520-1573.","{'authorized_name': 'baudouin, françois, 1520-1573', 'author_id': 'A4124'}"
"Beccadelli, Antonio, 1394-1471","{'authorized_name': 'beccadelli, antonio, 1394-1471', 'author_id': 'A3024'}"
"Beccadelli, Antonio, 1394-1471.","{'authorized_name': 'beccadelli, antonio, 1394-1471', 'author_id': 'A3024'}"
"Bede, the Venerable, Saint, 673-735","{'authorized_name': 'bede, the venerable, saint', 'author_id': 'A5363'}"
"Bede, the Venerable, Saint, 673-735.","{'authorized_name': 'bede, the venerable, saint', 'author_id': 'A5363'}"
"Bembo, Pietro, 1470-1547","{'authorized_name': 'bembo, pietro, 1470-1547', 'author_id': 'A5607'}"
"Bembo, Pietro, 1470-1547.","{'authorized_name': 'bembo, pietro, 1470-1547', 'author_id': 'A5607'}"
"Benci, Francesco (S.I.), 1542-1594.","{'authorized_name': 'benci, francesco, 1542-1594', 'author_id': 'A4077'}"
"Benci, Francesco, 1542-1594","{'authorized_name': 'benci, francesco, 1542-1594', 'author_id': 'A4077'}"
"Benseler, Gustav Eduard, 1806-1868","{'authorized_name': 'benseler, gustav eduard, 1806-1868', 'author_id': 'A6182'}"
"Bergk, Theodor, 1812-1881.","{'authorized_name': 'bergk, theodor, 1812-1881', 'author_id': 'A3537'}"
"Bernard, of Chartres.","{'authorized_name': 'bernard, of chartres', 'author_id': 'A5392'}"
"Bernard, of Clairvaux, Saint, 1090 or 1091-1153","{'authorized_name': 'bernard, of clairvaux, saint', 'author_id': 'A5377'}"
"Bernard, of Clairvaux, Saint, 1090 or 1091-1153.","{'authorized_name': 'bernard, of clairvaux, saint', 'author_id': 'A5377'}"
"Bernardino de Siena, Santo, 1380-1444.","{'authorized_name': 'bernardino, da siena, saint, 1380-1444', 'author_id': 'A4310'}"
"Bernoulli, Jakob, 1654-1705","{'authorized_name': 'bernoulli, jakob, 1654-1705', 'author_id': 'A4089'}"
"Bernoulli, Jakob, 1654-1705.","{'authorized_name': 'bernoulli, jakob, 1654-1705', 'author_id': 'A4089'}"
"Beroaldo, Filippo, 1453-1505","{'authorized_name': 'beroaldo, filippo, 1453-1505', 'author_id': 'A4095'}"
"Beroaldo, Filippo, 1453-1505.","{'authorized_name': 'beroaldo, filippo, 1453-1505', 'author_id': 'A4095'}"
"Bèze, Théodore de, 1519-1605","{'authorized_name': 'bèze, théodore de, 1519-1605', 'author_id': 'A4103'}"
"Bidermann, Jakob, 1577 or 1578-1639.","{'authorized_name': 'bidermann, jakob, 1577 or 1578-1639', 'author_id': 'A4158'}"
"Bidermann, Jakob, 1577-1639.","{'authorized_name': 'bidermann, jakob, 1577 or 1578-1639', 'author_id': 'A4158'}"
"Biel, Gabriel, d. 1495","{'authorized_name': 'biel, gabriel, -1495', 'author_id': 'A3151'}"
"Bissel, Johann, 1601-1682","{'authorized_name': 'bissel, johann, 1601-1682', 'author_id': 'A5611'}"
"Bissel, Johann, 1601-1682.","{'authorized_name': 'bissel, johann, 1601-1682', 'author_id': 'A5611'}"
"Blarru, Pierre de, 1437-1510.","{'authorized_name': 'blarru, pierre de 1437-1510', 'author_id': 'A4094'}"
"Boccaccio, Giovanni, 1313-1375.","{'authorized_name': 'boccaccio, giovanni, 1313-1375', 'author_id': 'A4348'}"
"Bodin, Jean , 1530-1596.","{'authorized_name': 'bodin, jean, 1530-1596', 'author_id': 'A4074'}"
"Bodin, Jean, 1530-1596.","{'authorized_name': 'bodin, jean, 1530-1596', 'author_id': 'A4074'}"
"Boethius, -524","{'authorized_name': 'boethius, -524', 'author_id': 'A5469'}"
"Boethius, -524.","{'authorized_name': 'boethius, -524', 'author_id': 'A5469'}"
"Boethius, d. 524","{'authorized_name': 'boethius, -524', 'author_id': 'A5469'}"
"Boethius, d. 524.","{'authorized_name': 'boethius, -524', 'author_id': 'A5469'}"
"Bona, Giovanni, 1609-1674.","{'authorized_name': 'bona, giovanni, 1609-1674', 'author_id': 'A4056'}"
"Bonaventure, Saint, Cardinal, approximately 1217-1274.","{'authorized_name': 'bonaventure, saint, cardinal, approximately 1217-1274', 'author_id': 'A4379'}"
"Bonfini, Antonio, 1427-1502.","{'authorized_name': 'bonfini, antonio, 1427-1502', 'author_id': 'A5608'}"
"Bordini, Giovanni Francesco, ca. 1536-1609.","{'authorized_name': 'bordini, giovanni francesco, approximately 1536-1609', 'author_id': 'A4092'}"
"Bovelles, Charles de.","{'authorized_name': 'bovillus, carolus, 1479-1567', 'author_id': 'A3712'}"
"Bovillus, Carolus, 1479-1567.","{'authorized_name': 'bovillus, carolus, 1479-1567', 'author_id': 'A3712'}"
"Boxhorn, Marcus Zuerius, 1612-1653.","{'authorized_name': 'boxhorn, marcus zuerius, 1612-1653', 'author_id': 'A6026'}"
"Bracciolini, Poggio, 1380-1459.","{'authorized_name': 'bracciolini, poggio', 'author_id': 'A5554'}"
"Bracton, Henry de, -1268.","{'authorized_name': 'bracton, henry de, -1268', 'author_id': 'A3912'}"
"Brant, Sebastian, 1458-1521,","{'authorized_name': 'brant, sebastian, 1458-1521', 'author_id': 'A4064'}"
"Brasavola, Antonio Musa (1500-1555)","{'authorized_name': 'brasavola, a. m. (antonio musa)', 'author_id': 'A5459'}"
"Brasavola, Antonio Musa, 1500-1555.","{'authorized_name': 'brasavola, a. m. (antonio musa)', 'author_id': 'A5459'}"
"Bruni, Leonardo, 1369-1444.","{'authorized_name': 'bruni, leonardo, 1369-1444', 'author_id': 'A4123'}"
"Bruno, Giordano, 1548-1600.","{'authorized_name': 'bruno, giordano, 1548-1600', 'author_id': 'A4076'}"
"Bucer, Martin, 1491-1551.","{'authorized_name': 'bucer, martin, 1491-1551', 'author_id': 'A4304'}"
"Buchanan, George, 1506-1582","{'authorized_name': 'buchanan, george', 'author_id': 'A4730'}"
"Buchanan, George, 1506-1582.","{'authorized_name': 'buchanan, george', 'author_id': 'A4730'}"
"Bude, Guillaume, 1468-1540.","{'authorized_name': 'budé, guillaume, 1468-1540', 'author_id': 'A5600'}"
"Budé, Guillaume, 1468-1540.","{'authorized_name': 'budé, guillaume, 1468-1540', 'author_id': 'A5600'}"
"Budé, Guillaume, 1468-1540.","{'authorized_name': 'budé, guillaume, 1468-1540', 'author_id': 'A5600'}"
"Buecheler, Franz, 1837-1908","{'authorized_name': 'buecheler, franz, 1837-1908', 'author_id': 'A3585'}"
"Buecheler, Franz, 1837-1908.","{'authorized_name': 'buecheler, franz, 1837-1908', 'author_id': 'A3585'}"
"Buridan, Jean, 1300-1358.","{'authorized_name': 'buridan, jean, 1300-1358', 'author_id': 'A5584'}"
"Burman, Pieter, 1668-1741.","{'authorized_name': 'burman, pieter, 1668-1741', 'author_id': 'A6043'}"
"Bèze, Théodore de, 1519-1605.","{'authorized_name': 'bèze, théodore de, 1519-1605', 'author_id': 'A4103'}"
"Bēssariōn, Cardinal, 1403-1472","{'authorized_name': 'bēssariōn, cardinal, 1403-1472', 'author_id': 'A3305'}"
"Caesarius, of Heisterbach, approximately 1180-approximately 1240.","{'authorized_name': 'caesarius, of heisterbach, approximately 1180-approximately 1240', 'author_id': 'A5576'}"
"Calvin, Jean, 1509-1564.","{'authorized_name': 'calvin, jean, 1509-1564', 'author_id': 'A4225'}"
"Campanella, Tommaso, 1568-1639","{'authorized_name': 'campanella, tommaso, 1568-1639', 'author_id': 'A4235'}"
"Campanella, Tommaso, 1568-1639.","{'authorized_name': 'campanella, tommaso, 1568-1639', 'author_id': 'A4235'}"
"Campano, Giannantonio, Bishop, 1429-1477.","{'authorized_name': 'campano, giannantonio, bishop, 1429-1477', 'author_id': 'A3029'}"
"Campion, Thomas, 1567-1620.","{'authorized_name': 'campion, thomas', 'author_id': 'A5559'}"
"Cano, Melchor, 1509?-1560.","{'authorized_name': 'cano, melchor, 1509?-1560', 'author_id': 'A4265'}"
"Canonieri, Pietro Andrea, -1639.","{'authorized_name': 'canonieri, pietro andrea, -1639', 'author_id': 'A4066'}"
"Cardano, Gerolamo, 1501-1576.","{'authorized_name': 'cardano, girolamo, 1501-1576', 'author_id': 'A5596'}"
"Cardano, Girolamo, 1501-1576","{'authorized_name': 'cardano, girolamo, 1501-1576', 'author_id': 'A5596'}"
"Cardano, Girolamo, 1501-1576.","{'authorized_name': 'cardano, girolamo, 1501-1576', 'author_id': 'A5596'}"
"Carrion, Louis, 1547-1595.","{'authorized_name': 'carrion, louis, 1547-1595', 'author_id': 'A6008'}"
"Casaubon, Isaac, 1559-1614.","{'authorized_name': 'casaubon, isaac, 1559-1614', 'author_id': 'A4057'}"
"Cassiodorus, Senator, ca. 487-ca. 580","{'authorized_name': 'cassiodorus, senator', 'author_id': 'A5508'}"
"Cassiodorus, Senator, ca. 487-ca. 580.","{'authorized_name': 'cassiodorus, senator', 'author_id': 'A5508'}"
"Cassius Felix","{'authorized_name': 'cassius felix', 'author_id': 'A5412'}"
"Castiglione, Baldassarre, conte, 1478-1529.","{'authorized_name': 'castiglione, baldassarre, conte, 1478-1529', 'author_id': 'A5614'}"
"Catallus, Gaius Valerius.","{'authorized_name': 'catullus, gaius valerius', 'author_id': 'A5237'}"
"Cato, Marcus Porcius, 234 B.C.-149 B.C.","{'authorized_name': 'cato, marcus porcius', 'author_id': 'A4678'}"
"Catullus, Valerius.","{'authorized_name': 'catullus, gaius valerius', 'author_id': 'A5237'}"
"Caussin, Nicolas (S.I.), 1583-1651","{'authorized_name': 'caussin, nicolas, 1583-1651', 'author_id': 'A4009'}"
"Caussin, Nicolas (S.I.), 1583-1651.","{'authorized_name': 'caussin, nicolas, 1583-1651', 'author_id': 'A4009'}"
"Caussin, Nicolas, (S.I.), 1583-1651","{'authorized_name': 'caussin, nicolas, 1583-1651', 'author_id': 'A4009'}"
"Caussin, Nicolas, (S.I.), 1583-1651.","{'authorized_name': 'caussin, nicolas, 1583-1651', 'author_id': 'A4009'}"
"Caussin, Nicolas, 1583-1651.","{'authorized_name': 'caussin, nicolas, 1583-1651', 'author_id': 'A4009'}"
"Celso, Aulo Cornelio","{'authorized_name': 'celsus, aulus cornelius', 'author_id': 'A5349'}"
"Celso, Aulo Cornelio.","{'authorized_name': 'celsus, aulus cornelius', 'author_id': 'A5349'}"
"Censorinus.","{'authorized_name': 'censorinus', 'author_id': 'A5390'}"
"Christ, Wilhelm von, 1831-1906.","{'authorized_name': 'christ, wilhelm von, 1831-1906', 'author_id': 'A3552'}"
"Cicero, M. Tullius, 106-43 v. Chr.","{'authorized_name': 'cicero, quintus tullius', 'author_id': 'A4668'}"
"Cicero, Marcus Tullius","{'authorized_name': 'cicero, marcus tullius', 'author_id': 'A5129'}"
"Cicero, Marcus Tullius, 106-43 B.C. E.","{'authorized_name': 'cicero, marcus tullius', 'author_id': 'A5129'}"
"Cicero, Marcus Tullius.","{'authorized_name': 'cicero, marcus tullius', 'author_id': 'A5129'}"
"Cicerón, Marco Tulio, 106-43 a.C.","{'authorized_name': 'cicero, marcus tullius', 'author_id': 'A5129'}"
"Clark, Albert Curtis, 1859-1937.","{'authorized_name': 'clark, albert curtis, 1859-1937', 'author_id': 'A5977'}"
"Claudianus, Claudius","{'authorized_name': 'claudianus, claudius', 'author_id': 'A4503'}"
"Claudianus, Claudius.","{'authorized_name': 'claudianus, claudius', 'author_id': 'A4503'}"
"Cochlaeus, Johannes, 1479-1552","{'authorized_name': 'cochlaeus, johannes, 1479-1552', 'author_id': 'A4316'}"
"Cochlaeus, Johannes, 1479-1552.","{'authorized_name': 'cochlaeus, johannes, 1479-1552', 'author_id': 'A4316'}"
"Colet, John, 1467?-1519.","{'authorized_name': 'colet, john, 1467?-1519', 'author_id': 'A5625'}"
"Columella, Lucius Junius Moderatus","{'authorized_name': 'columella, lucius junius moderatus', 'author_id': 'A5056'}"
"Columella, Lucius Junius Moderatus.","{'authorized_name': 'columella, lucius junius moderatus', 'author_id': 'A5056'}"
"Commodianus","{'authorized_name': 'commodianus', 'author_id': 'A5248'}"
"Commodianus.","{'authorized_name': 'commodianus', 'author_id': 'A5248'}"
"Copernicus, Nicolaus, 1473-1543","{'authorized_name': 'copernicus, nicolaus, 1473-1543', 'author_id': 'A4141'}"
"Copernicus, Nicolaus, 1473-1543.","{'authorized_name': 'copernicus, nicolaus, 1473-1543', 'author_id': 'A4141'}"
"Cornarius, Ianus","{'authorized_name': 'cornarius, janus, 1500-1558', 'author_id': 'A4007'}"
"Cortesi, Paolo, 1465-1510.","{'authorized_name': 'cortesi, paolo, 1465-1510', 'author_id': 'A4046'}"
"Cowley, Abraham, 1618-1667","{'authorized_name': 'cowley, abraham, 1618-1667', 'author_id': 'A4034'}"
"Cowley, Abraham, 1618-1667.","{'authorized_name': 'cowley, abraham, 1618-1667', 'author_id': 'A4034'}"
"Crotto, Giovanni.","{'authorized_name': 'cotta, giovanni', 'author_id': 'A5549'}"
"Cunaeus, Petrus, 1586-1638.","{'authorized_name': 'cunaeus, petrus, 1586-1638', 'author_id': 'A4030'}"
"Cunich, Raimondo, 1719-1794.","{'authorized_name': 'cunich, raimondo, 1719-1794', 'author_id': 'A4187'}"
"Curtius Rufus, Quintus","{'authorized_name': 'curtius rufus, quintus', 'author_id': 'A4602'}"
"Curtius Rufus, Quintus,","{'authorized_name': 'curtius rufus, quintus', 'author_id': 'A4602'}"
"Curtius Rufus, Quintus.","{'authorized_name': 'curtius rufus, quintus', 'author_id': 'A4602'}"
"Cyprianus Gallus, active 5th century,","{'authorized_name': 'cyprianus gallus', 'author_id': 'A4537'}"
"César, Cayo Julio, 100-44 a.C.","{'authorized_name': 'caesar, julius', 'author_id': 'A4644'}"
"Dante Alighieri, 1265-1321","{'authorized_name': 'dante alighieri, 1265-1321', 'author_id': 'A4646'}"
"Dante Alighieri, 1265-1321.","{'authorized_name': 'dante alighieri, 1265-1321', 'author_id': 'A4646'}"
"De Vio, Tommaso, 1469-1534","{'authorized_name': 'cajetan, tommaso de vio, 1469-1534', 'author_id': 'A4256'}"
"De Vio, Tommaso, 1469-1534.","{'authorized_name': 'cajetan, tommaso de vio, 1469-1534', 'author_id': 'A4256'}"
"De Vío, Tommaso, 1469-1534","{'authorized_name': 'cajetan, tommaso de vio, 1469-1534', 'author_id': 'A4256'}"
"Decembrio, Angelo, approximately 1415-1462.","{'authorized_name': 'decembrio, angelo, approximately 1415-1462', 'author_id': 'A4017'}"
"Defensor de Ligugé","{'authorized_name': 'defensor', 'author_id': 'A4474'}"
"Descartes, René, 1596-1650.","{'authorized_name': 'descartes, rené', 'author_id': 'A4762'}"
"Duns Scotus, John, approximately 1266-1308","{'authorized_name': 'duns scotus, john, approximately 1266-1308', 'author_id': 'A5593'}"
"Duns Scotus, John, approximately 1266-1308.","{'authorized_name': 'duns scotus, john, approximately 1266-1308', 'author_id': 'A5593'}"
"Duns Scotus, John, ca. 1266-1308.","{'authorized_name': 'duns scotus, john, approximately 1266-1308', 'author_id': 'A5593'}"
"Dupuy, Jacques, 1591-1656.","{'authorized_name': 'dupuy, jacques, 1591-1656', 'author_id': 'A3996'}"
"Dübner, Fr. 1802-1867,","{'authorized_name': 'dübner, fr. (friedrich), 1802-1867', 'author_id': 'A6094'}"
"Ekkehard IV, approximately 980-approximately 1060.","{'authorized_name': 'ekkehard iv, approximately 980-approximately 1060', 'author_id': 'A5299'}"
"Emili, Paolo, 1460-1529","{'authorized_name': 'emili, paolo, -1529', 'author_id': 'A3983'}"
"Enk, Petrus Joannes, 1885-","{'authorized_name': 'enk, petrus joannes, 1885-', 'author_id': 'A6147'}"
"Ennius, Quintus.","{'authorized_name': 'ennius, quintus', 'author_id': 'A4631'}"
"Ennodius, Magnus Felix, Saint, 474-521","{'authorized_name': 'ennodius, magnus felix, saint', 'author_id': 'A5313'}"
"Ennodius, Magnus Felix, Saint, 474-521.","{'authorized_name': 'ennodius, magnus felix, saint', 'author_id': 'A5313'}"
"Ephraem, Syrus, Saint, 303-373","{'authorized_name': 'ephraem, syrus, saint', 'author_id': 'A5288'}"
"Ephraem, Syrus, Saint, 303-373.","{'authorized_name': 'ephraem, syrus, saint', 'author_id': 'A5288'}"
"Erasmus, Desiderius 1467-1536.","{'authorized_name': 'erasmus, desiderius', 'author_id': 'A4743'}"
"Erasmus, Desiderius, -1536","{'authorized_name': 'erasmus, desiderius', 'author_id': 'A4743'}"
"Erasmus, Desiderius, -1536.","{'authorized_name': 'erasmus, desiderius', 'author_id': 'A4743'}"
"Erasmus, Desiderius, 1467-1536","{'authorized_name': 'erasmus, desiderius', 'author_id': 'A4743'}"
"Erasmus, Desiderius, 1467-1536.","{'authorized_name': 'erasmus, desiderius', 'author_id': 'A4743'}"
"Erasmus, Desiderius, d. 1536","{'authorized_name': 'erasmus, desiderius', 'author_id': 'A4743'}"
"Erasmus, Desiderius, d. 1536.","{'authorized_name': 'erasmus, desiderius', 'author_id': 'A4743'}"
"Erigena, Johannes Scotus, ca. 810-ca. 877.","{'authorized_name': 'erigena, johannes scotus', 'author_id': 'A5230'}"
"Ernesti, August Wilhelm, 1733-1801.","{'authorized_name': 'ernesti, august wilhelm, 1733-1801', 'author_id': 'A5954'}"
"Ernesti, Johann August, 1707-1781.","{'authorized_name': 'ernesti, johann august, 1707-1781', 'author_id': 'A6055'}"
"Estienne, Robert, 1503?-1559","{'authorized_name': 'estienne, robert, 1503?-1559', 'author_id': 'A3558'}"
"Eucherius, of Lyon, Saint, -449?","{'authorized_name': 'eucherius, of lyon, saint', 'author_id': 'A5383'}"
"Euler, Leonhard, 1707-1783","{'authorized_name': 'euler, leonhard, 1707-1783', 'author_id': 'A4169'}"
"Euler, Leonhard, 1707-1783.","{'authorized_name': 'euler, leonhard, 1707-1783', 'author_id': 'A4169'}"
"Eutropius, active 4th century.","{'authorized_name': 'eutropius, active 4th century', 'author_id': 'A5295'}"
"Evrard, de Béthune.","{'authorized_name': 'evrard, de béthune', 'author_id': 'A5302'}"
"Fabricius, Georg, 1516-1571.","{'authorized_name': 'fabricius, georg, 1516-1571', 'author_id': 'A4033'}"
"Fabricius, Johann Albert 1668-1736.","{'authorized_name': 'fabricius, johann albert, 1668-1736', 'author_id': 'A5982'}"
"Fabricius, Johann Albert, 1668-1736,","{'authorized_name': 'fabricius, johann albert, 1668-1736', 'author_id': 'A5982'}"
"Fabricius, Johann Albert, 1668-1736.","{'authorized_name': 'fabricius, johann albert, 1668-1736', 'author_id': 'A5982'}"
"Facio, Bartolomeo, -1457.","{'authorized_name': 'facio, bartolomeo, -1457', 'author_id': 'A3971'}"
"Facio, Bartolomeo, d. 1457","{'authorized_name': 'facio, bartolomeo, -1457', 'author_id': 'A3971'}"
"Facrno, Gabriello, d. 1561.","{'authorized_name': 'faerno, gabriello, 1511-1561', 'author_id': 'A5999'}"
"Facundus Hermeanensis.","{'authorized_name': 'facundus, of hermiane', 'author_id': 'A5511'}"
"Faustus, of Riez, active 5th century.","{'authorized_name': 'faustus, of riez', 'author_id': 'A5243'}"
"Ferrari, Giovanni Battista, 1584-1655","{'authorized_name': 'ferrari, giovanni battista, 1584-1655', 'author_id': 'A3953'}"
"Ferrari, Giovanni Battista, 1584-1655.","{'authorized_name': 'ferrari, giovanni battista, 1584-1655', 'author_id': 'A3953'}"
"Ficino, Marsilio, 1433-1499","{'authorized_name': 'ficino, marsilio, 1433-1499', 'author_id': 'A4355'}"
"Ficino, Marsilio, 1433-1499.","{'authorized_name': 'ficino, marsilio, 1433-1499', 'author_id': 'A4355'}"
"Filelfo, Francesco, 1398-1481.","{'authorized_name': 'filelfo, francesco, 1398-1481', 'author_id': 'A3020'}"
"Filopón, Juan.","{'authorized_name': 'philoponus, john, active 6th century', 'author_id': 'A3211'}"
"Firmicus Maternus, Julius.","{'authorized_name': 'firmicus maternus, julius', 'author_id': 'A5524'}"
"Flaminio, Marco Antonio, 1498-1550","{'authorized_name': 'flaminio, marco antonio, 1498-1550', 'author_id': 'A3968'}"
"Flaminio, Marco Antonio, 1498-1550.","{'authorized_name': 'flaminio, marco antonio, 1498-1550', 'author_id': 'A3968'}"
"Florus, Lucius Annaeus","{'authorized_name': 'florus, lucius annaeus', 'author_id': 'A5047'}"
"Florus, Lucius Annaeus.","{'authorized_name': 'florus, lucius annaeus', 'author_id': 'A5047'}"
"Foerster, Richard, 1843-1922.","{'authorized_name': 'foerster, richard, 1843-1922', 'author_id': 'A6203'}"
"Foglietta, Uberto, 1518-1581","{'authorized_name': 'foglietta, uberto, 1518-1581', 'author_id': 'A3050'}"
"Foglietta, Uberto, 1518-1581.","{'authorized_name': 'foglietta, uberto, 1518-1581', 'author_id': 'A3050'}"
"Folengo, Teofilo, 1496-1544.","{'authorized_name': 'folengo, teofilo, 1496-1544', 'author_id': 'A5719'}"
"Forcellini, Egidio, 1688-1768","{'authorized_name': 'forcellini, egidio, 1688-1768', 'author_id': 'A3333'}"
"Forcellini, Egidio, 1688-1768.","{'authorized_name': 'forcellini, egidio, 1688-1768', 'author_id': 'A3333'}"
"Fox Morcillo, Sebastian.","{'authorized_name': 'morcillo, sebastián fox, approximately 1526-approximately 1560', 'author_id': 'A4152'}"
"Fox Morcillo, Sebastián.","{'authorized_name': 'morcillo, sebastián fox, approximately 1526-approximately 1560', 'author_id': 'A4152'}"
"Freinsheim, Johann, 1608-1660.","{'authorized_name': 'freinsheim, johann, 1608-1660', 'author_id': 'A6025'}"
"Friedlaender, Ludwig, 1824-1909","{'authorized_name': 'friedlaender, ludwig, 1824-1909', 'author_id': 'A3546'}"
"Friedlaender, Ludwig, 1824-1909.","{'authorized_name': 'friedlaender, ludwig, 1824-1909', 'author_id': 'A3546'}"
"Frischlin, Nicodemus, 1547-1590","{'authorized_name': 'frischlin, nicodemus, 1547-1590', 'author_id': 'A3959'}"
"Frischlin, Nicodemus, 1547-1590.","{'authorized_name': 'frischlin, nicodemus, 1547-1590', 'author_id': 'A3959'}"
"Gabuccini, Girolamo.","{'authorized_name': 'gabuccini, girolamo, active 16th century', 'author_id': 'A3435'}"
"Gambara, Lorenzo, approximately 1495-1585.","{'authorized_name': 'gambara, lorenzo, approximately 1495-1585', 'author_id': 'A3073'}"
"Gassendi, Pierre, 1592-1655","{'authorized_name': 'gassendi, pierre, 1592-1655', 'author_id': 'A4226'}"
"Gassendi, Pierre, 1592-1655.","{'authorized_name': 'gassendi, pierre, 1592-1655', 'author_id': 'A4226'}"
"Gataker, Thomas, 1574-1654.","{'authorized_name': 'gataker, thomas, 1574-1654', 'author_id': 'A6017'}"
"Gaurico, Pomponio, 1481 or 1482-1528.","{'authorized_name': 'gaurico, pomponio, 1481 or 1482-1528', 'author_id': 'A2947'}"
"Gazēs, Theodōros, approximately 1400-approximately 1475.","{'authorized_name': 'gazēs, theodōros, approximately 1400-approximately 1475', 'author_id': 'A3424'}"
"Gemoll, Wilhelm, 1850-1934.","{'authorized_name': 'gemoll, wilhelm, 1850-1934', 'author_id': 'A5660'}"
"Georgius Trapezuntius","{'authorized_name': 'george, of trebizond, 1396-1486', 'author_id': 'A3280'}"
"Georgius Trapezuntius.","{'authorized_name': 'george, of trebizond, 1396-1486', 'author_id': 'A3280'}"
"Gerson, Jean, 1363-1429","{'authorized_name': 'gerson, jean, 1363-1429', 'author_id': 'A3738'}"
"Gerson, Jean, 1363-1429.","{'authorized_name': 'gerson, jean, 1363-1429', 'author_id': 'A3738'}"
"Giberti, Giovanni Matteo, 1495-1543","{'authorized_name': 'giberti, giovanni matteo, 1495-1543', 'author_id': 'A3969'}"
"Giles, of Rome, Archbishop of Bourges, approximately 1243-1316.","{'authorized_name': 'giles, of rome, archbishop of bourges, approximately 1243-1316', 'author_id': 'A4398'}"
"Gilles, de Corbeil, active 1200","{'authorized_name': 'gilles, de corbeil, active 1200', 'author_id': 'A3919'}"
"Giovanni d'Andrea, approximately 1270-1348.","{'authorized_name': ""giovanni d'andrea, approximately 1270-1348"", 'author_id': 'A4388'}"
"Giraldi, Giglio Gregorio, 1479-1552","{'authorized_name': 'giraldi, lilio gregorio, 1479-1552', 'author_id': 'A3950'}"
"Gneist, Rudolph, 1816-1895,","{'authorized_name': 'gneist, rudolph, 1816-1895', 'author_id': 'A6210'}"
"Gottschalk, of Orbais, approximately 803-approximately 867.","{'authorized_name': 'gottschalk, of orbais, approximately 803-approximately 867', 'author_id': 'A5188'}"
"Graevius, Joannes Georgius, 1632-1703.","{'authorized_name': 'graevius, joannes georgius, 1632-1703', 'author_id': 'A6032'}"
"Grattius, Faliscus.","{'authorized_name': 'grattius, faliscus', 'author_id': 'A4624'}"
"Gregory I, Pope, ca. 540-604.","{'authorized_name': 'gregory i, pope', 'author_id': 'A4981'}"
"Gregory, Bishop of Tours, Saint, 538-594.","{'authorized_name': 'gregory, bishop of tours, saint', 'author_id': 'A5257'}"
"Gregory, Saint, Bishop of Tours, 538-594","{'authorized_name': 'gregory, bishop of tours, saint', 'author_id': 'A5257'}"
"Gretser, Jakob, 1562-1625","{'authorized_name': 'gretser, jakob, 1562-1625', 'author_id': 'A3957'}"
"Gretser, Jakob, 1562-1625.","{'authorized_name': 'gretser, jakob, 1562-1625', 'author_id': 'A3957'}"
"Gronovius, Jacobus, 1645-1716","{'authorized_name': 'gronovius, jacobus, 1645-1716', 'author_id': 'A3314'}"
"Gronovius, Joannes Fredericus, 1611-1671","{'authorized_name': 'gronovius, joannes fredericus, 1611-1671', 'author_id': 'A3995'}"
"Gronovius, Joannes Fredericus, 1611-1671.","{'authorized_name': 'gronovius, joannes fredericus, 1611-1671', 'author_id': 'A3995'}"
"Grotius, Hugo, 1583-1645","{'authorized_name': 'grotius, hugo, 1583-1645', 'author_id': 'A4206'}"
"Grotius, Hugo, 1583-1645.","{'authorized_name': 'grotius, hugo, 1583-1645', 'author_id': 'A4206'}"
"Gruner, Johann Friedrich, 1723-1778.","{'authorized_name': 'gruner, johann friedrich, 1723-1778', 'author_id': 'A6060'}"
"Guarino, Veronese, 1374-1460","{'authorized_name': 'guarino, veronese, 1374-1460', 'author_id': 'A3982'}"
"Guibert de Nogent, 1053-Ca. 1124.","{'authorized_name': 'guibert, abbot of nogent-sous-coucy', 'author_id': 'A5194'}"
"Gundermann, Gotthold, 1856-1921","{'authorized_name': 'gundermann, gotthold, 1856-1921', 'author_id': 'A5665'}"
"Gundermann, Gotthold, 1856-1921.","{'authorized_name': 'gundermann, gotthold, 1856-1921', 'author_id': 'A5665'}"
"Haase, Friedrich, 1808-1867","{'authorized_name': 'haase, friedrich, 1808-1867', 'author_id': 'A3320'}"
"Haase, Friedrich, 1808-1867.","{'authorized_name': 'haase, friedrich, 1808-1867', 'author_id': 'A3320'}"
"Hagen, Hermann, 1844-1898,","{'authorized_name': 'hagen, hermann, 1844-1898', 'author_id': 'A6213'}"
"Hagen, Hermann, 1844-1898.","{'authorized_name': 'hagen, hermann, 1844-1898', 'author_id': 'A6213'}"
"Hanke, Friedrich.","{'authorized_name': 'ranke, friedrich, 1882-1950', 'author_id': 'A6267'}"
"Harvey, William, 1578-1657.","{'authorized_name': 'harvey, william, 1578-1657', 'author_id': 'A4164'}"
"Haupt, Moriz, 1808-1874","{'authorized_name': 'haupt, moriz, 1808-1874', 'author_id': 'A6101'}"
"Haupt, Moriz, 1808-1874.","{'authorized_name': 'haupt, moriz, 1808-1874', 'author_id': 'A6101'}"
"Haymo, Bishop of Halberstadt, -853.","{'authorized_name': 'haymo, bishop of halberstadt, -853', 'author_id': 'A4486'}"
"Heinsius, Daniel, 1580-1655.","{'authorized_name': 'heinsius, daniel, 1580-1655', 'author_id': 'A3951'}"
"Heinsius, Nicolaas, 1620-1681.","{'authorized_name': 'heinsius, nicolaas, 1620-1681', 'author_id': 'A5937'}"
"Herberstein, Sigmund von, 1486-1566.","{'authorized_name': 'herberstein, sigmund, freiherr von, 1486-1566', 'author_id': 'A3691'}"
"Herbert, of Bosham, active 12th century.","{'authorized_name': 'herbert, of bosham, active 12th century', 'author_id': 'A5106'}"
"Hermann, Karl Friedrich, 1804-1855.","{'authorized_name': 'hermann, karl friedrich, 1804-1855', 'author_id': 'A3488'}"
"Hertz, Martin.","{'authorized_name': 'hertz, martin', 'author_id': 'A3478'}"
"Higden, Ranulf, -1364.","{'authorized_name': 'higden, ranulf, -1364', 'author_id': 'A4317'}"
"Hilary, Saint, Bishop of Poitiers, -367?","{'authorized_name': 'hilary, saint, bishop of poitiers, -367?', 'author_id': 'A5124'}"
"Hobbes, Thomas, 1588-1679.","{'authorized_name': 'hobbes, thomas, 1588-1679', 'author_id': 'A4195'}"
"Holder, Alfred, 1840-1916.","{'authorized_name': 'holder, alfred, 1840-1916', 'author_id': 'A3218'}"
"Horace","{'authorized_name': 'horace', 'author_id': 'A4876'}"
"Horace.","{'authorized_name': 'horace', 'author_id': 'A4876'}"
"Hortensius, Lambertus, 1500 or 1501-1574.","{'authorized_name': 'hortensius, lambertus, 1500 or 1501-1574', 'author_id': 'A3910'}"
"Hosius, Carl, 1866-1937","{'authorized_name': 'hosius, carl, 1866-1937', 'author_id': 'A3503'}"
"Hotman, François, 1524-1590","{'authorized_name': 'hotman, françois, 1524-1590', 'author_id': 'A5975'}"
"Hotman, François, 1524-1590.","{'authorized_name': 'hotman, françois, 1524-1590', 'author_id': 'A5975'}"
"Hrotsvitha, ca. 935-ca. 975.","{'authorized_name': 'hrotsvitha', 'author_id': 'A5200'}"
"Huet, Pierre-Daniel, 1630-1721.","{'authorized_name': 'huet, pierre-daniel, 1630-1721', 'author_id': 'A3941'}"
"Hugo, Herman, 1588-1629.","{'authorized_name': 'hugo, herman, 1588-1629', 'author_id': 'A3911'}"
"Hume, David, 1560?-1630?","{'authorized_name': 'hume, david, 1560?-1630?', 'author_id': 'A5617'}"
"Hussowski, Mikołaj, approximately 1475-1522","{'authorized_name': 'hussowski, mikołaj, approximately 1475-1522', 'author_id': 'A3924'}"
"Hutten, Ulrich von, 1488-1523.","{'authorized_name': 'hutten, ulrich von, 1488-1523', 'author_id': 'A5581'}"
"Huygens, Christiaan, 1629-1695","{'authorized_name': 'huygens, christiaan, 1629-1695', 'author_id': 'A4138'}"
"Huygens, Christiaan, 1629-1695.","{'authorized_name': 'huygens, christiaan, 1629-1695', 'author_id': 'A4138'}"
"Hyginus, C. Julius","{'authorized_name': 'hyginus, c. julius', 'author_id': 'A3487'}"
"Hyginus, C. Julius.","{'authorized_name': 'hyginus, c. julius', 'author_id': 'A3487'}"
"Hyginus, Gromaticus,","{'authorized_name': 'hyginus, gromaticus', 'author_id': 'A4606'}"
"Hyginus, Gromaticus.","{'authorized_name': 'hyginus, gromaticus', 'author_id': 'A4606'}"
"Ildefonso, Santo, 607-667.","{'authorized_name': 'ildephonsus, saint', 'author_id': 'A5513'}"
"Innocent III, Pope, 1160 or 1161-1216","{'authorized_name': 'innocent iii, pope, 1160 or 1161-1216', 'author_id': 'A3388'}"
"Isidore, of Seville, Saint, d. 636.","{'authorized_name': 'isidore, of seville, saint', 'author_id': 'A5183'}"
"Jacques de Vitry, 1170?-1240.","{'authorized_name': 'jacques, de vitry, 1170-1240', 'author_id': 'A4369'}"
"Jan Van Ruusbroec, 1293?-1381.","{'authorized_name': 'ruusbroec, jan van 1293-1381', 'author_id': 'A4218'}"
"Janus, Secundus, 1511-1536","{'authorized_name': 'janus, secundus', 'author_id': 'A4717'}"
"Janus, Secundus, 1511-1536.","{'authorized_name': 'janus, secundus', 'author_id': 'A4717'}"
"Jerome, Saint, -419 or 420","{'authorized_name': 'jerome, saint, 419 or 420', 'author_id': 'A5096'}"
"Jerome, Saint, -419 or 420.","{'authorized_name': 'jerome, saint, 419 or 420', 'author_id': 'A5096'}"
"Jerome, Saint, d. 419 or 20.","{'authorized_name': 'jerome, saint, 419 or 420', 'author_id': 'A5096'}"
"Jiménez de Rada, Rodrigo, ca. 1170-1247.","{'authorized_name': 'jiménez de rada, rodrigo, approximately 1170-1247', 'author_id': 'A4450'}"
"Joachim, of Fiore, approximately 1132-1202.","{'authorized_name': 'joachim, of fiore, approximately 1132-1202', 'author_id': 'A4727'}"
"Juvenal","{'authorized_name': 'juvenal', 'author_id': 'A5304'}"
"Juvenal.","{'authorized_name': 'juvenal', 'author_id': 'A5304'}"
"Juvenco, Cayo Vecio Aquilino, s. 4.","{'authorized_name': 'juvencus, caius vettius aquilinus', 'author_id': 'A5223'}"
"Keil, Heinrich, 1822-1894","{'authorized_name': 'keil, heinrich, 1822-1894', 'author_id': 'A3509'}"
"Keil, Heinrich, 1822-1894.","{'authorized_name': 'keil, heinrich, 1822-1894', 'author_id': 'A3509'}"
"Keil, Henricus, 1822-1894.","{'authorized_name': 'keil, heinrich, 1822-1894', 'author_id': 'A3509'}"
"Kepler, Johannes, 1571-1630","{'authorized_name': 'kepler, johannes', 'author_id': 'A4709'}"
"Kepler, Johannes, 1571-1630.","{'authorized_name': 'kepler, johannes', 'author_id': 'A4709'}"
"Kircher, Athanasius, 1602-1680","{'authorized_name': 'kircher, athanasius, 1602-1680', 'author_id': 'A4106'}"
"Kircher, Athanasius, 1602-1680.","{'authorized_name': 'kircher, athanasius, 1602-1680', 'author_id': 'A4106'}"
"Klotz, Reinhold, 1807-1870.","{'authorized_name': 'klotz, reinhold, 1807-1870', 'author_id': 'A3252'}"
"Knollinger, Hermann.","{'authorized_name': 'knoellinger, hermann, 1883-1914', 'author_id': 'A6234'}"
"Krueger, Paul, 1840-1926.","{'authorized_name': 'krueger, paul, 1840-1926', 'author_id': 'A6236'}"
"Köchly, Hermann, 1815-1876.","{'authorized_name': 'köchly, hermann, 1815-1876', 'author_id': 'A3233'}"
"L'Hospital, Michel de, 1507-1573","{'authorized_name': ""l'hospital, michel de, 1507-1573"", 'author_id': 'A3940'}"
"La Rue, Charles de, 1643-1725.","{'authorized_name': 'la rue, charles de', 'author_id': 'A4751'}"
"Lachmann, Karl, 1793-1851","{'authorized_name': 'lachmann, karl, 1793-1851', 'author_id': 'A6090'}"
"Lachmann, Karl, 1793-1851.","{'authorized_name': 'lachmann, karl, 1793-1851', 'author_id': 'A6090'}"
"Laciantius, ca. 240-ca. 320.","{'authorized_name': 'lactantius', 'author_id': 'A5102'}"
"Lapide, Cornelius à (S.I.), 1567-1637.","{'authorized_name': 'lapide, cornelius cornelii a, 1567-1637', 'author_id': 'A3183'}"
"Leibniz, Gottfried Wilhelm, 1646-1716","{'authorized_name': 'leibniz, gottfried wilhelm, freiherr von, 1646-1716', 'author_id': 'A3687'}"
"Leibniz, Gottfried Wilhelm, Freiherr von, 1646-1716","{'authorized_name': 'leibniz, gottfried wilhelm, freiherr von, 1646-1716', 'author_id': 'A3687'}"
"Leibniz, Gottfried Wilhelm, Freiherr von, 1646-1716.","{'authorized_name': 'leibniz, gottfried wilhelm, freiherr von, 1646-1716', 'author_id': 'A3687'}"
"Lessing, Gotthold Ephraim, 1729-1781","{'authorized_name': 'lessing, gotthold ephraim, 1729-1781', 'author_id': 'A3929'}"
"Linacre, Thomas, 1460-1524","{'authorized_name': 'linacre, thomas, 1460-1524', 'author_id': 'A3290'}"
"Linacre, Thomas, 1460-1524.","{'authorized_name': 'linacre, thomas, 1460-1524', 'author_id': 'A3290'}"
"Linné, Carl von, 1707-1778","{'authorized_name': 'linné, carl von, 1707-1778', 'author_id': 'A5601'}"
"Linné, Carl von, 1707-1778.","{'authorized_name': 'linné, carl von, 1707-1778', 'author_id': 'A5601'}"
"Lipsio, Justo, 1547-1606.","{'authorized_name': 'lipsius, justus, 1547-1606', 'author_id': 'A4194'}"
"Lipsius, Justus, 1547-1606","{'authorized_name': 'lipsius, justus, 1547-1606', 'author_id': 'A4194'}"
"Lipsius, Justus, 1547-1606.","{'authorized_name': 'lipsius, justus, 1547-1606', 'author_id': 'A4194'}"
"Lister, Martin, 1638?-1712.","{'authorized_name': 'lister, martin, 1638?-1712', 'author_id': 'A5964'}"
"Livy","{'authorized_name': 'livy', 'author_id': 'A4979'}"
"Livy.","{'authorized_name': 'livy', 'author_id': 'A4979'}"
"Llull, Ramon, 1232?-1316","{'authorized_name': 'llull, ramon, 1232?-1316', 'author_id': 'A4362'}"
"Llull, Ramon, 1232?-1316.","{'authorized_name': 'llull, ramon, 1232?-1316', 'author_id': 'A4362'}"
"Longolius, Christophorus, 1488-1522.","{'authorized_name': 'longolius, christophorus, 1488-1522', 'author_id': 'A3945'}"
"Lubin, Eilhard, 1565-1621.","{'authorized_name': 'lubin, eilhard, 1565-1621', 'author_id': 'A3920'}"
"Lucan, 39-65","{'authorized_name': 'lucan', 'author_id': 'A5075'}"
"Lucan, 39-65.","{'authorized_name': 'lucan', 'author_id': 'A5075'}"
"Lucilius, Gaius, approximately 180 B.C.-approximately 102 B.C.","{'authorized_name': 'lucilius, gaius, approximately 180 b.c.-approximately 102 b.c.', 'author_id': 'A4618'}"
"Lucilius, Gaius, ca. 180-ca. 102 B.C.","{'authorized_name': 'lucilius, gaius, approximately 180 b.c.-approximately 102 b.c.', 'author_id': 'A4618'}"
"Lucretius Carus, Titus","{'authorized_name': 'lucretius carus, titus', 'author_id': 'A5001'}"
"Lucretius Carus, Titus.","{'authorized_name': 'lucretius carus, titus', 'author_id': 'A5001'}"
"Luis de Granada (O.P.) 1504-1588","{'authorized_name': 'luís, de granada, 1504-1588', 'author_id': 'A3975'}"
"Luis de Granada, (O.P.), 1504-1588.","{'authorized_name': 'luís, de granada, 1504-1588', 'author_id': 'A3975'}"
"Luis, de Granada, 1504-1588.","{'authorized_name': 'luís, de granada, 1504-1588', 'author_id': 'A3975'}"
"Luther, Martin, 1483-1546.","{'authorized_name': 'luther, martin', 'author_id': 'A4756'}"
"Macrobius, Ambrosius Aurelius Theodosius","{'authorized_name': 'macrobius, ambrosius aurelius theodosius', 'author_id': 'A5055'}"
"Macrobius, Ambrosius Aurelius Theodosius,","{'authorized_name': 'macrobius, ambrosius aurelius theodosius', 'author_id': 'A5055'}"
"Macrobius, Ambrosius Aurelius Theodosius.","{'authorized_name': 'macrobius, ambrosius aurelius theodosius', 'author_id': 'A5055'}"
"Maffei, Giovanni Pietro 1533-1603.","{'authorized_name': 'maffei, giovanni pietro, 1536?-1603', 'author_id': 'A3869'}"
"Maffei, Giovanni Pietro, 1533-1603.","{'authorized_name': 'maffei, giovanni pietro, 1536?-1603', 'author_id': 'A3869'}"
"Maffei, Giovanni Pietro, 1536?-1603.","{'authorized_name': 'maffei, giovanni pietro, 1536?-1603', 'author_id': 'A3869'}"
"Maittaire, Michael, 1667-1747,","{'authorized_name': 'maittaire, michael, 1667-1747', 'author_id': 'A6042'}"
"Maittaire, Michael, 1667-1747.","{'authorized_name': 'maittaire, michael, 1667-1747', 'author_id': 'A6042'}"
"Major, John, 1469-1550.","{'authorized_name': 'major, john, 1469-1550', 'author_id': 'A3697'}"
"Manilius, Marcus","{'authorized_name': 'manilius, marcus', 'author_id': 'A5565'}"
"Manilius, Marcus.","{'authorized_name': 'manilius, marcus', 'author_id': 'A5565'}"
"Manuzio, Aldo, 1547-1597.","{'authorized_name': 'manuzio, aldo, 1547-1597', 'author_id': 'A4295'}"
"Manuzio, Paolo, 1512-1574","{'authorized_name': 'manuzio, paolo, 1512-1574', 'author_id': 'A3427'}"
"Manuzio, Paolo, 1512-1574.","{'authorized_name': 'manuzio, paolo, 1512-1574', 'author_id': 'A3427'}"
"Marcellus, Empiricus","{'authorized_name': 'marcellus, empiricus', 'author_id': 'A5085'}"
"Marcellus, Empiricus.","{'authorized_name': 'marcellus, empiricus', 'author_id': 'A5085'}"
"Mariana, Juan de, 1536-1624","{'authorized_name': 'mariana, juan de 1536-1624', 'author_id': 'A4135'}"
"Marsilius de Inghen","{'authorized_name': 'marsilius, of inghen, -1396', 'author_id': 'A4300'}"
"Marsilius, of Inghen, -1396.","{'authorized_name': 'marsilius, of inghen, -1396', 'author_id': 'A4300'}"
"Marzio, Galeotto, 1427-1497,","{'authorized_name': 'marzio, galeotto, 1427-1497', 'author_id': 'A2976'}"
"Masen, Jakob (S.I.), 1606-1681.","{'authorized_name': 'masen, jakob, 1606-1681', 'author_id': 'A3849'}"
"Masen, Jakob, 1606-1681.","{'authorized_name': 'masen, jakob, 1606-1681', 'author_id': 'A3849'}"
"Meineke, August, 1790-1870.","{'authorized_name': 'meineke, august, 1790-1870', 'author_id': 'A3492'}"
"Mela, Pomponius","{'authorized_name': 'mela, pomponius', 'author_id': 'A4607'}"
"Mela, Pomponius.","{'authorized_name': 'mela, pomponius', 'author_id': 'A4607'}"
"Merobaudes, Flavius, 5th cent.","{'authorized_name': 'merobaudes, flavius', 'author_id': 'A4965'}"
"Mersenne, Marin, 1588-1648,","{'authorized_name': 'mersenne, marin, 1588-1648', 'author_id': 'A4211'}"
"Mersenne, Marin, 1588-1648.","{'authorized_name': 'mersenne, marin, 1588-1648', 'author_id': 'A4211'}"
"Meurs, Johannes Van, 1579-1639.","{'authorized_name': 'meurs, johannes van, 1579-1639', 'author_id': 'A6019'}"
"Meurs, Johannes van, 1579-1639.","{'authorized_name': 'meurs, johannes van, 1579-1639', 'author_id': 'A6019'}"
"Meursius, Ioannes.","{'authorized_name': 'meurs, johannes van, 1579-1639', 'author_id': 'A6019'}"
"Milton, John, 1608-1674","{'authorized_name': 'milton, john', 'author_id': 'A4771'}"
"Milton, John, 1608-1674,","{'authorized_name': 'milton, john', 'author_id': 'A4771'}"
"Milton, John, 1608-1674.","{'authorized_name': 'milton, john', 'author_id': 'A4771'}"
"Minucio Felix, Marco","{'authorized_name': 'minucius felix, marcus', 'author_id': 'A5123'}"
"Morhof, Daniel Georg, 1639-1691.","{'authorized_name': 'morhof, daniel georg, 1639-1691', 'author_id': 'A3861'}"
"Muret, Marc Antoine.","{'authorized_name': 'muret, marc-antoine, 1526-1585', 'author_id': 'A3873'}"
"Muret, Marc-Antoine, 1526-1585","{'authorized_name': 'muret, marc-antoine, 1526-1585', 'author_id': 'A3873'}"
"Muret, Marc-Antoine, 1526-1585.","{'authorized_name': 'muret, marc-antoine, 1526-1585', 'author_id': 'A3873'}"
"Muris, Johannes de, ca. 1300-ca. 1350.","{'authorized_name': 'muris, johannes de, approximately 1300-approximately 1350', 'author_id': 'A3681'}"
"Müller, Lucian, 1836-1898.","{'authorized_name': 'müller, lucian, 1836-1898', 'author_id': 'A3448'}"
"Müller, Lucian, 1836-1898.","{'authorized_name': 'müller, lucian, 1836-1898', 'author_id': 'A3448'}"
"Navagero, Andres, 1483-1529.","{'authorized_name': 'navagero, andrea', 'author_id': 'A4691'}"
"Nebrija, Antonio de, 1444?-1522","{'authorized_name': 'nebrija, antonio de, 1444?-1522', 'author_id': 'A4327'}"
"Nebrija, Antonio de, 1444?-1522.","{'authorized_name': 'nebrija, antonio de, 1444?-1522', 'author_id': 'A4327'}"
"Nennius, active 796","{'authorized_name': 'nennius, active 796', 'author_id': 'A4500'}"
"Nepos, Cornelius","{'authorized_name': 'nepos, cornelius', 'author_id': 'A5005'}"
"Nepos, Cornelius.","{'authorized_name': 'nepos, cornelius', 'author_id': 'A5005'}"
"Némethy, Geza.","{'authorized_name': 'némethy, géza, 1865-1937', 'author_id': 'A6142'}"
"Nicholas, of Cusa, Cardinal, 1401-1464.","{'authorized_name': 'nicholas, of cusa, cardinal, 1401-1464', 'author_id': 'A5712'}"
"Nicolas de Lyre.","{'authorized_name': 'nicholas, of lyra, approximately 1270-1349', 'author_id': 'A4363'}"
"Nicolás de Cusa, 1401-1464.","{'authorized_name': 'nicholas, of cusa, cardinal, 1401-1464', 'author_id': 'A5712'}"
"Nifo, Agostino, approximately 1473-1545?","{'authorized_name': 'nifo, agostino, approximately 1473-1545?', 'author_id': 'A3881'}"
"Nifo, Agostino, approximately 1473-1545?.","{'authorized_name': 'nifo, agostino, approximately 1473-1545?', 'author_id': 'A3881'}"
"Nithard, -844?","{'authorized_name': 'nithard, -844?', 'author_id': 'A5028'}"
"Nithard, -844?.","{'authorized_name': 'nithard, -844?', 'author_id': 'A5028'}"
"Nodell, Jan Adam, -1814.","{'authorized_name': 'nodell, jan adam, ?-1814', 'author_id': 'A6149'}"
"Nogarola, Isotta, 1418-1466.","{'authorized_name': 'nogarola, isotta, 1418-1466', 'author_id': 'A2953'}"
"Novati, Francesco, 1859-1915","{'authorized_name': 'novati, francesco, 1859-1915', 'author_id': 'A5661'}"
"Novati, Francesco, 1859-1915.","{'authorized_name': 'novati, francesco, 1859-1915', 'author_id': 'A5661'}"
"Obsequens, Iulius.","{'authorized_name': 'obsequens, julius', 'author_id': 'A5175'}"
"Ocland, Christopher, -1590?","{'authorized_name': 'ocland, christopher, -1590?', 'author_id': 'A3903'}"
"Oecolampadius, Johann, 1482-1531.","{'authorized_name': 'oecolampadius, johann, 1482-1531', 'author_id': 'A5579'}"
"Orelli, Johann Kaspar von, 1787-1849.","{'authorized_name': 'orelli, johann kaspar von, 1787-1849', 'author_id': 'A5947'}"
"Otto I, Bishop of Freising, -1158.","{'authorized_name': 'otto i, bishop of freising, -1158', 'author_id': 'A5033'}"
"Ovid, 43 B.C.-17 A.D. or 18 A.D","{'authorized_name': 'ovid, 43 b.c.-17 a.d. or 18 a.d.', 'author_id': 'A5522'}"
"Ovid, 43 B.C.-17 A.D. or 18 A.D.","{'authorized_name': 'ovid, 43 b.c.-17 a.d. or 18 a.d.', 'author_id': 'A5522'}"
"Ovid, 43 B.C.-17 A.D. or 18 A.D.,","{'authorized_name': 'ovid, 43 b.c.-17 a.d. or 18 a.d.', 'author_id': 'A5522'}"
"Palingenio Stellato, Marcello, approximately 1500-approximately 1543","{'authorized_name': 'palingenio stellato, marcello, approximately 1500-approximately 1543', 'author_id': 'A3887'}"
"Palingenio Stellato, Marcello, approximately 1500-approximately 1543.","{'authorized_name': 'palingenio stellato, marcello, approximately 1500-approximately 1543', 'author_id': 'A3887'}"
"Paris, Matthew, 1200-1259.","{'authorized_name': 'paris, matthew, 1200-1259', 'author_id': 'A4403'}"
"Passerat, Jean, 1534-1602.","{'authorized_name': 'passerat, jean', 'author_id': 'A4759'}"
"Patrizi, Francesco.","{'authorized_name': 'patrizi, francesco', 'author_id': 'A5555'}"
"Paulinus, of Nola, Saint, approximately 353-431.","{'authorized_name': 'paulinus, of nola, saint, approximately 353-431', 'author_id': 'A4499'}"
"Paulus, Julius.","{'authorized_name': 'paulus, julius', 'author_id': 'A3822'}"
"Peckham, John, -1292.","{'authorized_name': 'peckham, john, -1292', 'author_id': 'A5627'}"
"Peerlkamp, Petrus Hofman, 1786-1865.","{'authorized_name': 'peerlkamp, petrus hofman, 1786-1865', 'author_id': 'A3237'}"
"Persius","{'authorized_name': 'persius', 'author_id': 'A4892'}"
"Persius.","{'authorized_name': 'persius', 'author_id': 'A4892'}"
"Peter, of Blois, approximately 1135-approximately 1212.","{'authorized_name': 'peter, of blois, approximately 1135-approximately 1212', 'author_id': 'A4642'}"
"Petrarca, Francesco, 1304-1374","{'authorized_name': 'petrarca, francesco', 'author_id': 'A4768'}"
"Petrarca, Francesco, 1304-1374.","{'authorized_name': 'petrarca, francesco', 'author_id': 'A4768'}"
"Petronius Arbiter","{'authorized_name': 'petronius arbiter', 'author_id': 'A4886'}"
"Petronius Arbiter.","{'authorized_name': 'petronius arbiter', 'author_id': 'A4886'}"
"Petrus Lombardus.","{'authorized_name': 'peter lombard, bishop of paris', 'author_id': 'A4994'}"
"Petrus, de Ebulo, active 1196","{'authorized_name': 'petrus, de ebulo, active 1196', 'author_id': 'A4672'}"
"Philargyrius, Junius.","{'authorized_name': 'philargyrius, junius', 'author_id': 'A5589'}"
"Pico della Mirandola, Giovanni, 1463-1494.","{'authorized_name': 'pico della mirandola, giovanni', 'author_id': 'A5548'}"
"Pithou, Pierre, 1539-1596.","{'authorized_name': 'pithou, pierre, 1539-1596', 'author_id': 'A6006'}"
"Platina, 1421-1481.","{'authorized_name': 'platina, 1421-1481', 'author_id': 'A3806'}"
"Pliny, the Elder","{'authorized_name': 'pliny, the elder', 'author_id': 'A5537'}"
"Pliny, the Elder.","{'authorized_name': 'pliny, the elder', 'author_id': 'A5537'}"
"Pliny, the Younger","{'authorized_name': 'pliny, the younger', 'author_id': 'A4904'}"
"Pliny, the Younger.","{'authorized_name': 'pliny, the younger', 'author_id': 'A4904'}"
"Poleni, Giovanni, 1683-1761.","{'authorized_name': 'poleni, giovanni, 1683-1761', 'author_id': 'A6047'}"
"Polignac, Melchior de, 1661-1741.","{'authorized_name': 'polignac, melchior de, 1661-1742?', 'author_id': 'A3852'}"
"Polignac, Melchior de, 1661-1742?","{'authorized_name': 'polignac, melchior de, 1661-1742?', 'author_id': 'A3852'}"
"Polignac, Melchior de, 1661-1742?.","{'authorized_name': 'polignac, melchior de, 1661-1742?', 'author_id': 'A3852'}"
"Poliziano, Angelo, 1454-1494.","{'authorized_name': 'poliziano, angelo, 1454-1494', 'author_id': 'A4336'}"
"Pontanus, Jacob, 1542-1626.","{'authorized_name': 'pontanus, jacob, 1542-1626', 'author_id': 'A3844'}"
"Pontanus, Johannes Isacius, 1571-1639.","{'authorized_name': 'pontanus, johannes isacius, 1571-1639', 'author_id': 'A4147'}"
"Porphyrius, Publius Optatianus.","{'authorized_name': 'porfyrius, p. optatianus', 'author_id': 'A4902'}"
"Postel, Guillaume, 1510-1581.","{'authorized_name': 'postel, guillaume, 1510-1581', 'author_id': 'A4342'}"
"Priscian, active approximately 500-530","{'authorized_name': 'priscian, active approximately 500-530', 'author_id': 'A4498'}"
"Priscian, active approximately 500-530.","{'authorized_name': 'priscian, active approximately 500-530', 'author_id': 'A4498'}"
"Priscianus, Theodorus.","{'authorized_name': 'priscianus, theodorus', 'author_id': 'A3493'}"
"Prudentius, 348-","{'authorized_name': 'prudentius, 348-', 'author_id': 'A4609'}"
"Prudentius, b. 348.","{'authorized_name': 'prudentius, 348-', 'author_id': 'A4609'}"
"Pufendorf, Samuel, Freiherr von, 1632-1694.","{'authorized_name': 'pufendorf, samuel, freiherr von, 1632-1694', 'author_id': 'A3714'}"
"Putte, Hendrik van der 1574-1646.","{'authorized_name': 'puteanus, erycius, 1574-1646', 'author_id': 'A5936'}"
"Rabanus Maurus, Archbishop of Mainz, 784?-856.","{'authorized_name': 'rabanus maurus, archbishop of mainz, 784?-856', 'author_id': 'A5071'}"
"Rapin, René, 1621-1687.","{'authorized_name': 'rapin, rené, 1621-1687', 'author_id': 'A3823'}"
"Ravizza, Giovita, 1476-1553.","{'authorized_name': 'ravizza, giovita, 1476-1553', 'author_id': 'A3404'}"
"Reinesius, Thomas, 1587-1667.","{'authorized_name': 'reinesius, thomas, 1587-1667', 'author_id': 'A5965'}"
"Reuchlin, Johann, 1455-1522.","{'authorized_name': 'reuchlin, johann, 1455-1522', 'author_id': 'A3809'}"
"Reusner, Nickolas","{'authorized_name': 'reusner, nikolaus, 1545-1602', 'author_id': 'A3830'}"
"Reusner, Nikolaus, 1545-1602.","{'authorized_name': 'reusner, nikolaus, 1545-1602', 'author_id': 'A3830'}"
"Rhenanus, Beatus, 1485-1547.","{'authorized_name': 'rhenanus, beatus, 1485-1547', 'author_id': 'A4247'}"
"Ribbeck, Otto, 1827-1898","{'authorized_name': 'ribbeck, otto, 1827-1898', 'author_id': 'A6112'}"
"Ribbeck, Otto, 1827-1898.","{'authorized_name': 'ribbeck, otto, 1827-1898', 'author_id': 'A6112'}"
"Ricci, Matteo, 1552-1610.","{'authorized_name': 'ricci, matteo, 1552-1610', 'author_id': 'A4121'}"
"Richer, of Saint-Rémy, active 10th century","{'authorized_name': 'richer, of saint-rémy, active 10th century', 'author_id': 'A4660'}"
"Richer, of Saint-Rémy, active 10th century.","{'authorized_name': 'richer, of saint-rémy, active 10th century', 'author_id': 'A4660'}"
"Riese, Alexander, 1840-1922","{'authorized_name': 'riese, alexander, 1840-1922', 'author_id': 'A3465'}"
"Ritschl, Friedrich Wilhelm, 1806-1876.","{'authorized_name': 'ritschl, friedrich wilhelm, 1806-1876', 'author_id': 'A3472'}"
"Rossbach, August, 1823-1898.","{'authorized_name': 'rossbach, august, 1823-1898', 'author_id': 'A3422'}"
"Ruperti, Georg Alexander, 1758-1839.","{'authorized_name': 'ruperti, georg alexander, 1758-1839', 'author_id': 'A6073'}"
"Rutilius Lupus, Publius.","{'authorized_name': 'rutilius lupus, publius', 'author_id': 'A4568'}"
"Rutilius Namatianus, Claudius, 5th cent.","{'authorized_name': 'namatianus, claudius rutilius, active 5th century', 'author_id': 'A4453'}"
"Ruusbroec, Jan van, 1293-1381.","{'authorized_name': 'ruusbroec, jan van 1293-1381', 'author_id': 'A4218'}"
"Sa?chez de las Brozas, Francisco, 1522-1600.","{'authorized_name': 'sánchez de las brozas, francisco, 1523-1601', 'author_id': 'A4140'}"
"Sabellico, 1436?-1506","{'authorized_name': 'sabellico, 1436?-1506', 'author_id': 'A4237'}"
"Sallust, 86 B.C.-34 B.C.","{'authorized_name': 'sallust', 'author_id': 'A5543'}"
"Sallust, 86-34 B.C","{'authorized_name': 'sallust', 'author_id': 'A5543'}"
"Sallust, 86-34 B.C.","{'authorized_name': 'sallust', 'author_id': 'A5543'}"
"Sarbiewski, Maciej Kazimierz, 1595-1640,","{'authorized_name': 'sarbiewski, maciej kazimierz, 1595-1640', 'author_id': 'A3833'}"
"Sarbiewski, Maciej Kazimierz, 1595-1640.","{'authorized_name': 'sarbiewski, maciej kazimierz, 1595-1640', 'author_id': 'A3833'}"
"Saumaise, Claude de.","{'authorized_name': 'saumaise, claude, 1588-1653', 'author_id': 'A6021'}"
"Saumaise, Claude, 1588-1653.","{'authorized_name': 'saumaise, claude, 1588-1653', 'author_id': 'A6021'}"
"Sautel, Pierre-Juste, 1613-1662","{'authorized_name': 'sautel, pierre-juste, 1613-1662', 'author_id': 'A3847'}"
"Sayer, Gregory, (O.S.B.), 1560-1602","{'authorized_name': 'sayer, gregory, 1560-1602', 'author_id': 'A3285'}"
"Sánchez de las Brozas, Francisco, 1523-1601","{'authorized_name': 'sánchez de las brozas, francisco, 1523-1601', 'author_id': 'A4140'}"
"Scaligero, Giulio Cesare, 1484-1558","{'authorized_name': 'scaligero, giulio cesare', 'author_id': 'A3719'}"
"Scaligero, Giulio Cesare, 1484-1558.","{'authorized_name': 'scaligero, giulio cesare', 'author_id': 'A3719'}"
"Schoen, Henricus.","{'authorized_name': 'schenkl, heinrich, 1859-1919', 'author_id': 'A5952'}"
"Schottus, Andreas, 1552-1629","{'authorized_name': 'schottus, andreas, 1552-1629', 'author_id': 'A6012'}"
"Schottus, Andreas, 1552-1629.","{'authorized_name': 'schottus, andreas, 1552-1629', 'author_id': 'A6012'}"
"Schömann, Georg Friedrich, 1793-1879.","{'authorized_name': 'schömann, georg friedrich, 1793-1879', 'author_id': 'A6278'}"
"Schömann, Georg Friedrich, 1793-1879.","{'authorized_name': 'schömann, georg friedrich, 1793-1879', 'author_id': 'A6278'}"
"Scribonius Largus.","{'authorized_name': 'scribonius largus', 'author_id': 'A4555'}"
"Sedulius, active 5th century,","{'authorized_name': 'sedulius, active 5th century', 'author_id': 'A5260'}"
"Sedulius, active 5th century.","{'authorized_name': 'sedulius, active 5th century', 'author_id': 'A5260'}"
"Seneca, Lucio Anneo, ca. 4 a.C.-65 d.C.","{'authorized_name': 'seneca, lucius annaeus, approximately 4 b.c.-65 a.d.', 'author_id': 'A4655'}"
"Seneca, Lucius Annaeus, approximately 55 B.C.-approximately 39 A.D.","{'authorized_name': 'seneca, lucius annaeus, approximately 55 b.c.-approximately 39 a.d.', 'author_id': 'A4920'}"
"Seneca, Lucius Annaeus, ca. 55 B.C.-ca. 39 A.D.","{'authorized_name': 'seneca, lucius annaeus, approximately 55 b.c.-approximately 39 a.d.', 'author_id': 'A4920'}"
"Sepúlveda, Juan Ginés de, 1490-1573.","{'authorized_name': 'sepúlveda, juan ginés de, 1490-1573', 'author_id': 'A4189'}"
"Sepúlveda, Juan Ginés de, 1490-1573","{'authorized_name': 'sepúlveda, juan ginés de, 1490-1573', 'author_id': 'A4189'}"
"Sepúlveda, Juan Ginés de, 1490-1573.","{'authorized_name': 'sepúlveda, juan ginés de, 1490-1573', 'author_id': 'A4189'}"
"Sereno Samonico, Quinto.","{'authorized_name': 'serenus sammonicus, quintus', 'author_id': 'A4238'}"
"Serenus Sammonicus, Quintus","{'authorized_name': 'serenus sammonicus, quintus', 'author_id': 'A4238'}"
"Serenus Sammonicus, Quintus.","{'authorized_name': 'serenus sammonicus, quintus', 'author_id': 'A4238'}"
"Servetus, Michael, 1511?-1553,","{'authorized_name': 'servetus, michael, 1511?-1553', 'author_id': 'A4173'}"
"Servetus, Michael, 1511?-1553.","{'authorized_name': 'servetus, michael, 1511?-1553', 'author_id': 'A4173'}"
"Servius, active 4th century.","{'authorized_name': 'servius, active 4th century', 'author_id': 'A4777'}"
"Severus Sanctus Endelechius.","{'authorized_name': 'endelechius, severus sanctus ca. 4./5th century', 'author_id': 'A3070'}"
"Severus, Sulpicius,","{'authorized_name': 'severus, sulpicius', 'author_id': 'A4934'}"
"Severus, Sulpicius.","{'authorized_name': 'severus, sulpicius', 'author_id': 'A4934'}"
"Sidonius Apollinaris, Saint, 431 or 432-approximately 487","{'authorized_name': 'sidonius apollinaris, saint, 431 or 432-approximately 487', 'author_id': 'A4795'}"
"Sidonius Apollinaris, Saint, 431 or 432-approximately 487.","{'authorized_name': 'sidonius apollinaris, saint, 431 or 432-approximately 487', 'author_id': 'A4795'}"
"Sidonius, C. Sollius Modestus Apollinaris.","{'authorized_name': 'sidonius apollinaris, saint, 431 or 432-approximately 487', 'author_id': 'A4795'}"
"Sigonio, Carlo, 1524-1584.","{'authorized_name': 'sigonio, carlo, 1524?-1584', 'author_id': 'A3778'}"
"Sigonio, Carlo, 1524?-1584","{'authorized_name': 'sigonio, carlo, 1524?-1584', 'author_id': 'A3778'}"
"Sigonio, Carlo, 1524?-1584.","{'authorized_name': 'sigonio, carlo, 1524?-1584', 'author_id': 'A3778'}"
"Silius Italicus, Tiberius Catius","{'authorized_name': 'silius italicus, tiberius catius', 'author_id': 'A4804'}"
"Silius Italicus, Tiberius Catius.","{'authorized_name': 'silius italicus, tiberius catius', 'author_id': 'A4804'}"
"Sirmond, Jacques (S.I.), 1559-1651.","{'authorized_name': 'sirmond, jacques, 1559-1651', 'author_id': 'A5674'}"
"Sirmond, Jacques, (S.I.), 1559-1651.","{'authorized_name': 'sirmond, jacques, 1559-1651', 'author_id': 'A5674'}"
"Spengel, Leonhard von, 1803-1880","{'authorized_name': 'spengel, leonhard von, 1803-1880', 'author_id': 'A6095'}"
"Spengel, Leonhard von, 1803-1880.","{'authorized_name': 'spengel, leonhard von, 1803-1880', 'author_id': 'A6095'}"
"Spinoza, Benedictus de, 1632-1677","{'authorized_name': 'spinoza, benedictus de', 'author_id': 'A4708'}"
"Spinoza, Benedictus de, 1632-1677.","{'authorized_name': 'spinoza, benedictus de', 'author_id': 'A4708'}"
"Stanyhurst, Richard, 1547-1618.","{'authorized_name': 'stanyhurst, richard, 1547-1618', 'author_id': 'A3763'}"
"Stewechius, Godescalcus, 1551-1586.","{'authorized_name': 'stewechius, godescalcus, 1551-1586', 'author_id': 'A5943'}"
"Struve, K. L. 1785-1838.","{'authorized_name': 'struve, k. l. (karl ludwig), 1785-1838', 'author_id': 'A3271'}"
"Suarez, Francisco, 1548-1617,","{'authorized_name': 'suárez, francisco, 1548-1617', 'author_id': 'A4125'}"
"Suarez, Francisco, 1548-1617.","{'authorized_name': 'suárez, francisco, 1548-1617', 'author_id': 'A4125'}"
"Suárez, Francisco, 1548-1617","{'authorized_name': 'suárez, francisco, 1548-1617', 'author_id': 'A4125'}"
"Suárez, Francisco, 1548-1617.","{'authorized_name': 'suárez, francisco, 1548-1617', 'author_id': 'A4125'}"
"Suetonius, approximately 69-approximately 122","{'authorized_name': 'suetonius, approximately 69-approximately 122', 'author_id': 'A4799'}"
"Suetonius, approximately 69-approximately 122,","{'authorized_name': 'suetonius, approximately 69-approximately 122', 'author_id': 'A4799'}"
"Suetonius, approximately 69-approximately 122.","{'authorized_name': 'suetonius, approximately 69-approximately 122', 'author_id': 'A4799'}"
"Suetonius, ca. 69-ca. 122","{'authorized_name': 'suetonius, approximately 69-approximately 122', 'author_id': 'A4799'}"
"Suetonius, ca. 69-ca. 122.","{'authorized_name': 'suetonius, approximately 69-approximately 122', 'author_id': 'A4799'}"
"Susemihl, Franz, 1826-1901.","{'authorized_name': 'susemihl, franz, 1826-1901', 'author_id': 'A3444'}"
"Suárez, Francisco, 1548-1617","{'authorized_name': 'suárez, francisco, 1548-1617', 'author_id': 'A4125'}"
"Suárez, Francisco, 1548-1617.","{'authorized_name': 'suárez, francisco, 1548-1617', 'author_id': 'A4125'}"
"Symmachus, Quintus Aurelius, approximately 340-402.","{'authorized_name': 'symmachus, quintus aurelius, approximately 340-402', 'author_id': 'A4823'}"
"Sáenz de Aguirre, José, 1630-1699.","{'authorized_name': 'sáenz de aguirre, josé, 1630-1699', 'author_id': 'A3214'}"
"Sánchez de las Brozas, Francisco, 1523-1601.","{'authorized_name': 'sánchez de las brozas, francisco, 1523-1601', 'author_id': 'A4140'}"
"Séneca, Lucio Anneo, ca. 4 a.C-65 d.C","{'authorized_name': 'seneca, lucius annaeus, approximately 4 b.c.-65 a.d.', 'author_id': 'A4655'}"
"Séneca, Lucio Anneo, ca. 4 a.C-65 d.C.","{'authorized_name': 'seneca, lucius annaeus, approximately 4 b.c.-65 a.d.', 'author_id': 'A4655'}"
"Tacitus, Cornelius","{'authorized_name': 'tacitus, cornelius', 'author_id': 'A4796'}"
"Tacitus, Cornelius.","{'authorized_name': 'tacitus, cornelius', 'author_id': 'A4796'}"
"Telesio, Antonio, 1482-1533?","{'authorized_name': 'telesio, antonio, 1482-1533?', 'author_id': 'A3685'}"
"Terence","{'authorized_name': 'terence', 'author_id': 'A4793'}"
"Terence.","{'authorized_name': 'terence', 'author_id': 'A4793'}"
"Tertullian, ca. 160-ca. 230","{'authorized_name': 'tertullian', 'author_id': 'A4829'}"
"Tertullian, ca. 160-ca. 230.","{'authorized_name': 'tertullian', 'author_id': 'A4829'}"
"Thomas à Kempis, 1380-1471","{'authorized_name': 'thomas, à kempis, 1380-1471', 'author_id': 'A4319'}"
"Thomas à Kempis, 1380-1471.","{'authorized_name': 'thomas, à kempis, 1380-1471', 'author_id': 'A4319'}"
"Thomas, Aquinas, Saint, 1225?-1274","{'authorized_name': 'thomas, aquinas, saint', 'author_id': 'A4997'}"
"Thomas, Aquinas, Saint, 1225?-1274.","{'authorized_name': 'thomas, aquinas, saint', 'author_id': 'A4997'}"
"Thomas, à Becket, Saint, 1118?-1170.","{'authorized_name': 'thomas, à becket, saint', 'author_id': 'A5000'}"
"Thomas, à Kempis, 1380-1471","{'authorized_name': 'thomas, à kempis, 1380-1471', 'author_id': 'A4319'}"
"Thomas, à Kempis, 1380-1471.","{'authorized_name': 'thomas, à kempis, 1380-1471', 'author_id': 'A4319'}"
"Thomas, à Kempis, 1380-1471","{'authorized_name': 'thomas, à kempis, 1380-1471', 'author_id': 'A4319'}"
"Thomas, à Kempis, 1380-1471.","{'authorized_name': 'thomas, à kempis, 1380-1471', 'author_id': 'A4319'}"
"Thomasius, Christian, 1655-1728","{'authorized_name': 'thomasius, christian, 1655-1728', 'author_id': 'A3696'}"
"Thomasius, Christian, 1655-1728.","{'authorized_name': 'thomasius, christian, 1655-1728', 'author_id': 'A3696'}"
"Thou, Jacques-Auguste de, 1553-1617.","{'authorized_name': 'thou, jacques-auguste de, 1553-1617', 'author_id': 'A4086'}"
"Tibullus","{'authorized_name': 'tibullus', 'author_id': 'A4791'}"
"Tibullus.","{'authorized_name': 'tibullus', 'author_id': 'A4791'}"
"Torquemada, Juan de, 1388-1468","{'authorized_name': 'torquemada, juan de, 1388-1468', 'author_id': 'A4366'}"
"Torquemada, Juan de, 1388-1468.","{'authorized_name': 'torquemada, juan de, 1388-1468', 'author_id': 'A4366'}"
"Trigault, Nicolas, 1577-1628","{'authorized_name': 'trigault, nicolas, 1577-1628', 'author_id': 'A4131'}"
"Trigault, Nicolas, 1577-1628.","{'authorized_name': 'trigault, nicolas, 1577-1628', 'author_id': 'A4131'}"
"Trogo Pompeyo.","{'authorized_name': 'trogus, pompeius', 'author_id': 'A4591'}"
"Turnèbe, Adrien, 1512-1565","{'authorized_name': 'turnèbe, adrien, 1512-1565', 'author_id': 'A6000'}"
"Turnébe, Adrien, 1512-1565.","{'authorized_name': 'turnèbe, adrien, 1512-1565', 'author_id': 'A6000'}"
"Ubaldi, Baldo degli, 1327?-1400","{'authorized_name': 'ubaldi, baldo degli, 1327?-1400', 'author_id': 'A4384'}"
"Ulpian.","{'authorized_name': 'ulpianus, domitius', 'author_id': 'A3897'}"
"Ursinus Velius, Caspar, 1493-1539.","{'authorized_name': 'vel, caspar ursinus, 1493-1538', 'author_id': 'A5594'}"
"Ursinus Velius, Caspar.","{'authorized_name': 'vel, caspar ursinus, 1493-1538', 'author_id': 'A5594'}"
"Vadianus, Joachim, 1484-1551.","{'authorized_name': 'vadianus, joachim, 1484-1551', 'author_id': 'A4160'}"
"Vahlen, Johannes, 1830-1911","{'authorized_name': 'vahlen, johannes, 1830-1911', 'author_id': 'A3463'}"
"Vahlen, Johannes, 1830-1911.","{'authorized_name': 'vahlen, johannes, 1830-1911', 'author_id': 'A3463'}"
"Valeriano Bolzani, Giovan Piero, 1477-1558.","{'authorized_name': 'valeriano, pierio, 1477-1560', 'author_id': 'A2935'}"
"Valeriano, Pierio, 1477-1560.","{'authorized_name': 'valeriano, pierio, 1477-1560', 'author_id': 'A2935'}"
"Valerius, Cornelius.","{'authorized_name': 'valerianus, cornelius', 'author_id': 'A2880'}"
"Valla, Lorenzo, 1406-1457.","{'authorized_name': 'valla, lorenzo, 1407-1457', 'author_id': 'A3786'}"
"Valla, Lorenzo, 1407-1457.","{'authorized_name': 'valla, lorenzo, 1407-1457', 'author_id': 'A3786'}"
"Valois, Henri de, 1603-1676.","{'authorized_name': 'valois, henri de, 1603-1676', 'author_id': 'A5985'}"
"Vast, Henri, 1847-1921","{'authorized_name': 'vast, henri, 1847-1921', 'author_id': 'A3311'}"
"Vattasso, Marco, 1869-1925.","{'authorized_name': 'vattasso, marco, 1869-1925', 'author_id': 'A3331'}"
"Vegetius Renatus, Flavius.","{'authorized_name': 'vegetius renatus, flavius', 'author_id': 'A4794'}"
"Vegio, Maffeo, 1407-1458","{'authorized_name': 'vegio, maffeo', 'author_id': 'A4750'}"
"Vel, Caspar Ursinus, 1493-1538.","{'authorized_name': 'vel, caspar ursinus, 1493-1538', 'author_id': 'A5594'}"
"Velleius Paterculus, approximately 19 B.C.-approximately 30 A.D.","{'authorized_name': 'velleius paterculus', 'author_id': 'A4542'}"
"Vergil, Polydore, 1470?-1555","{'authorized_name': 'vergil, polydore, 1470?-1555', 'author_id': 'A3762'}"
"Vergil, Polydore, 1470?-1555.","{'authorized_name': 'vergil, polydore, 1470?-1555', 'author_id': 'A3762'}"
"Verino, Ugolino, 1438-1516","{'authorized_name': 'verino, ugolino, 1438-1516', 'author_id': 'A3804'}"
"Verino, Ugolino, 1438-1516.","{'authorized_name': 'verino, ugolino, 1438-1516', 'author_id': 'A3804'}"
"Vermigli, Pietro Martire, 1499-1562.","{'authorized_name': 'vermigli, pietro martire, 1499-1562', 'author_id': 'A4302'}"
"Verrius Flaccus, Marcus","{'authorized_name': 'verrius flaccus, marcus', 'author_id': 'A3559'}"
"Vettori, Pietro, 1499-1585","{'authorized_name': 'vettori, pietro, 1499-1585', 'author_id': 'A5997'}"
"Vettori, Pietro, 1499-1585.","{'authorized_name': 'vettori, pietro, 1499-1585', 'author_id': 'A5997'}"
"Vico, Giambattista, 1668-1744","{'authorized_name': 'vico, giambattista', 'author_id': 'A5547'}"
"Victor, Sextus Aurelius","{'authorized_name': 'victor, sextus aurelius', 'author_id': 'A4936'}"
"Victor, Sextus Aurelius.","{'authorized_name': 'victor, sextus aurelius', 'author_id': 'A4936'}"
"Victorinus, Saint, Bishop of Poetovio, -304?","{'authorized_name': 'victorinus, saint, bishop of poetovio', 'author_id': 'A4868'}"
"Vida, Marco Girolamo, ca. 1485-1566.","{'authorized_name': 'vida, marco girolamo', 'author_id': 'A5557'}"
"Vida, Marco Girolamo.","{'authorized_name': 'vida, marco girolamo', 'author_id': 'A5557'}"
"Villani, Filippo, -1405.","{'authorized_name': 'villani, filippo, -1405?', 'author_id': 'A5710'}"
"Viperano, Giovanni Antonio, 1535-1610.","{'authorized_name': 'viperano, giovanni antonio, 1535-1610', 'author_id': 'A3790'}"
"Virgil","{'authorized_name': 'virgil', 'author_id': 'A4830'}"
"Virgil,","{'authorized_name': 'virgil', 'author_id': 'A4830'}"
"Virgil.","{'authorized_name': 'virgil', 'author_id': 'A4830'}"
"Virgile (0070-0019 av. J.-C.).","{'authorized_name': 'virgil', 'author_id': 'A4830'}"
"Virgilio Marón, Publio, 70-19 a. C.","{'authorized_name': 'virgil', 'author_id': 'A4830'}"
"Virgilius Maro, Grammaticus, active 7th century.","{'authorized_name': 'virgilius maro, grammaticus, active 7th century', 'author_id': 'A4850'}"
"Vitoria, Francisco de, 1483-1546.","{'authorized_name': 'vitoria, francisco de, 1486?-1546', 'author_id': 'A3694'}"
"Vives, Juan Luis, 1492-1540","{'authorized_name': 'vives, juan luis, 1492-1540', 'author_id': 'A4307'}"
"Vives, Juan Luis, 1492-1540.","{'authorized_name': 'vives, juan luis, 1492-1540', 'author_id': 'A4307'}"
"Vliet, Joannes van der.","{'authorized_name': 'vliet, joannes van der, 1847-1902', 'author_id': 'A6128'}"
"Volpi, Gio. Antonio, 1686-1766","{'authorized_name': 'volpi, gio. antonio, 1686-1766', 'author_id': 'A6050'}"
"Vossius, Gerardus Joannes, 1577-1649","{'authorized_name': 'vossius, gerardus joannes, 1577-1649', 'author_id': 'A3771'}"
"Vossius, Gerardus Joannes, 1577-1649.","{'authorized_name': 'vossius, gerardus joannes, 1577-1649', 'author_id': 'A3771'}"
"Vossius, Gerhard Johann, 1577-1649.","{'authorized_name': 'vossius, gerardus joannes, 1577-1649', 'author_id': 'A3771'}"
"Vossius, Isaac, 1618-1689.","{'authorized_name': 'vossius, isaac, 1618-1689', 'author_id': 'A6027'}"
"Walram, Bishop of Naumberg, d. 1111.","{'authorized_name': 'walram, bishop of naumburg', 'author_id': 'A5538'}"
"Walter, of Aquitaine.","{'authorized_name': 'walter, of aquitaine', 'author_id': 'A4846'}"
"Weichert, Jonathan August, 1788-1844.","{'authorized_name': 'weichert, august, 1788-1844', 'author_id': 'A6089'}"
"Widukind, of Corvey, approximately 925-approximately 973","{'authorized_name': 'widukind, of corvey, approximately 925-approximately 973', 'author_id': 'A4475'}"
"Widukind, of Corvey, approximately 925-approximately 973.","{'authorized_name': 'widukind, of corvey, approximately 925-approximately 973', 'author_id': 'A4475'}"
"Wölfflin, Eduard von, 1831-1908.","{'authorized_name': 'wölfflin, eduard von, 1831-1908', 'author_id': 'A3471'}"
"Wycliffe, John, -1384.","{'authorized_name': 'wycliffe, john, -1384', 'author_id': 'A4338'}"
"Wyttenbach, Daniel Albert, 1746-1820","{'authorized_name': 'wyttenbach, daniel albert, 1746-1820', 'author_id': 'A3223'}"
"Wyttenbach, Daniel Albert, 1746-1820.","{'authorized_name': 'wyttenbach, daniel albert, 1746-1820', 'author_id': 'A3223'}"
"Zanchi, Basilio, 1501-1558","{'authorized_name': 'zanchi, basilio, 1501-approximately 1558', 'author_id': 'A3740'}"
"Zwingli, Ulrich 1484-1531.","{'authorized_name': 'zwingli, ulrich, 1484-1531', 'author_id': 'A5582'}"
"Zwingli, Ulrich, 1484-1531.","{'authorized_name': 'zwingli, ulrich, 1484-1531', 'author_id': 'A5582'}"
